<?xml version="1.0"?>
<opencv_storage>
<my_tree type_id="opencv-ml-tree">
  <is_classifier>1</is_classifier>
  <var_all>5</var_all>
  <var_count>5</var_count>
  <ord_var_count>5</ord_var_count>
  <cat_var_count>0</cat_var_count>
  <training_params>
    <use_surrogates>1</use_surrogates>
    <max_categories>10</max_categories>
    <max_depth>25</max_depth>
    <min_sample_count>10</min_sample_count>
    <cross_validation_folds>10</cross_validation_folds>
    <use_1se_rule>1</use_1se_rule>
    <truncate_pruned_tree>1</truncate_pruned_tree>
    <priors type_id="opencv-matrix">
      <rows>1</rows>
      <cols>2</cols>
      <dt>d</dt>
      <data>
        1. 1.</data></priors></training_params>
  <var_type>
    0 0 0 0 0</var_type>
  <cat_count type_id="opencv-matrix">
    <rows>1</rows>
    <cols>1</cols>
    <dt>i</dt>
    <data>
      2</data></cat_count>
  <cat_map type_id="opencv-matrix">
    <rows>1</rows>
    <cols>2</cols>
    <dt>i</dt>
    <data>
      0 1</data></cat_map>
  <best_tree_idx>41</best_tree_idx>
  <nodes>
    <_>
      <depth>0</depth>
      <sample_count>13742</sample_count>
      <value>0.</value>
      <norm_class_idx>0</norm_class_idx>
      <Tn>42</Tn>
      <complexity>2</complexity>
      <alpha>2822.</alpha>
      <node_risk>4560.</node_risk>
      <tree_risk>1305.</tree_risk>
      <tree_error>150.</tree_error>
      <splits>
        <_><var>3</var>
          <quality>1.1183799804687500e+04</quality>
          <le>2.6896899938583374e-01</le></_></splits></_>
    <_>
      <depth>1</depth>
      <sample_count>4595</sample_count>
      <value>1.</value>
      <norm_class_idx>1</norm_class_idx>
      <Tn>40</Tn>
      <complexity>1</complexity>
      <alpha>2.0500000000000000e+01</alpha>
      <node_risk>745.</node_risk>
      <tree_risk>671.</tree_risk>
      <tree_error>74.</tree_error></_>
    <_>
      <depth>1</depth>
      <sample_count>9147</sample_count>
      <value>0.</value>
      <norm_class_idx>0</norm_class_idx>
      <Tn>41</Tn>
      <complexity>1</complexity>
      <alpha>1.9500000000000000e+01</alpha>
      <node_risk>710.</node_risk>
      <tree_risk>634.</tree_risk>
      <tree_error>76.</tree_error></_></nodes></my_tree>
</opencv_storage>
