<?xml version="1.0"?>
<opencv_storage>
<my_tree type_id="opencv-ml-tree">
  <is_classifier>1</is_classifier>
  <var_all>15</var_all>
  <var_count>15</var_count>
  <ord_var_count>15</ord_var_count>
  <cat_var_count>0</cat_var_count>
  <training_params>
    <use_surrogates>1</use_surrogates>
    <max_categories>10</max_categories>
    <max_depth>25</max_depth>
    <min_sample_count>10</min_sample_count>
    <cross_validation_folds>10</cross_validation_folds>
    <use_1se_rule>1</use_1se_rule>
    <truncate_pruned_tree>1</truncate_pruned_tree>
    <priors type_id="opencv-matrix">
      <rows>1</rows>
      <cols>2</cols>
      <dt>d</dt>
      <data>
        1. 1.</data></priors></training_params>
  <var_type>
    0 0 0 0 0 0 0 0 0 0 0 0 0 0 0</var_type>
  <cat_count type_id="opencv-matrix">
    <rows>1</rows>
    <cols>1</cols>
    <dt>i</dt>
    <data>
      2</data></cat_count>
  <cat_map type_id="opencv-matrix">
    <rows>1</rows>
    <cols>2</cols>
    <dt>i</dt>
    <data>
      0 1</data></cat_map>
  <best_tree_idx>25</best_tree_idx>
  <nodes>
    <_>
      <depth>0</depth>
      <sample_count>4560</sample_count>
      <value>1.</value>
      <norm_class_idx>1</norm_class_idx>
      <Tn>36</Tn>
      <complexity>2</complexity>
      <alpha>457.</alpha>
      <node_risk>2233.</node_risk>
      <tree_risk>1573.</tree_risk>
      <tree_error>183.</tree_error>
      <splits>
        <_><var>6</var>
          <quality>2.4186005859375000e+03</quality>
          <le>1.1955447196960449e+01</le></_></splits></_>
    <_>
      <depth>1</depth>
      <sample_count>2925</sample_count>
      <value>0.</value>
      <norm_class_idx>0</norm_class_idx>
      <Tn>35</Tn>
      <complexity>1</complexity>
      <alpha>173.</alpha>
      <node_risk>1224.</node_risk>
      <tree_risk>1094.</tree_risk>
      <tree_error>130.</tree_error>
      <splits>
        <_><var>7</var>
          <quality>1.6862324218750000e+03</quality>
          <le>1.1375456237792969e+02</le></_></splits></_>
    <_>
      <depth>2</depth>
      <sample_count>964</sample_count>
      <value>0.</value>
      <norm_class_idx>0</norm_class_idx>
      <Tn>31</Tn>
      <complexity>1</complexity>
      <alpha>2.5333333333333332e+01</alpha>
      <node_risk>159.</node_risk>
      <tree_risk>142.</tree_risk>
      <tree_error>17.</tree_error>
      <splits>
        <_><var>2</var>
          <quality>7.5476055908203125e+02</quality>
          <le>-4.7057247161865234e-01</le></_></splits></_>
    <_>
      <depth>3</depth>
      <sample_count>260</sample_count>
      <value>0.</value>
      <norm_class_idx>0</norm_class_idx>
      <Tn>2147483647</Tn>
      <complexity>3</complexity>
      <alpha>38.</alpha>
      <node_risk>116.</node_risk>
      <tree_risk>30.</tree_risk>
      <tree_error>1.</tree_error>
      <splits>
        <_><var>7</var>
          <quality>1.6057142639160156e+02</quality>
          <le>-1.7060293579101562e+02</le></_></splits></_>
    <_>
      <depth>4</depth>
      <sample_count>203</sample_count>
      <value>1.</value>
      <norm_class_idx>1</norm_class_idx>
      <Tn>2147483647</Tn>
      <complexity>2</complexity>
      <alpha>49.</alpha>
      <node_risk>87.</node_risk>
      <tree_risk>30.</tree_risk>
      <tree_error>1.</tree_error>
      <splits>
        <_><var>6</var>
          <quality>1.5225282287597656e+02</quality>
          <le>3.6882610321044922e+00</le></_></splits></_>
    <_>
      <depth>5</depth>
      <sample_count>100</sample_count>
      <value>0.</value>
      <norm_class_idx>0</norm_class_idx>
      <Tn>21</Tn>
      <complexity>1</complexity>
      <alpha>11.</alpha>
      <node_risk>22.</node_risk>
      <tree_risk>21.</tree_risk>
      <tree_error>1.</tree_error></_>
    <_>
      <depth>5</depth>
      <sample_count>103</sample_count>
      <value>1.</value>
      <norm_class_idx>1</norm_class_idx>
      <Tn>11</Tn>
      <complexity>1</complexity>
      <alpha>4.5000000000000000e+00</alpha>
      <node_risk>9.</node_risk>
      <tree_risk>9.</tree_risk>
      <tree_error>0.</tree_error></_>
    <_>
      <depth>4</depth>
      <sample_count>57</sample_count>
      <value>0.</value>
      <norm_class_idx>0</norm_class_idx>
      <Tn>2147483647</Tn>
      <complexity>1</complexity>
      <alpha>0.</alpha>
      <node_risk>0.</node_risk>
      <tree_risk>0.</tree_risk>
      <tree_error>0.</tree_error></_>
    <_>
      <depth>3</depth>
      <sample_count>704</sample_count>
      <value>0.</value>
      <norm_class_idx>0</norm_class_idx>
      <Tn>22</Tn>
      <complexity>1</complexity>
      <alpha>1.1500000000000000e+01</alpha>
      <node_risk>43.</node_risk>
      <tree_risk>36.</tree_risk>
      <tree_error>7.</tree_error></_>
    <_>
      <depth>2</depth>
      <sample_count>1961</sample_count>
      <value>1.</value>
      <norm_class_idx>1</norm_class_idx>
      <Tn>2147483647</Tn>
      <complexity>3</complexity>
      <alpha>1.9650000000000000e+02</alpha>
      <node_risk>896.</node_risk>
      <tree_risk>433.</tree_risk>
      <tree_error>46.</tree_error>
      <splits>
        <_><var>6</var>
          <quality>1.1132464599609375e+03</quality>
          <le>-9.7396125793457031e+00</le></_></splits></_>
    <_>
      <depth>3</depth>
      <sample_count>1413</sample_count>
      <value>0.</value>
      <norm_class_idx>0</norm_class_idx>
      <Tn>2147483647</Tn>
      <complexity>2</complexity>
      <alpha>205.</alpha>
      <node_risk>610.</node_risk>
      <tree_risk>346.</tree_risk>
      <tree_error>40.</tree_error>
      <splits>
        <_><var>3</var>
          <quality>8.6816510009765625e+02</quality>
          <le>1.3856150209903717e-01</le></_></splits></_>
    <_>
      <depth>4</depth>
      <sample_count>683</sample_count>
      <value>0.</value>
      <norm_class_idx>0</norm_class_idx>
      <Tn>27</Tn>
      <complexity>1</complexity>
      <alpha>1.7333333333333332e+01</alpha>
      <node_risk>133.</node_risk>
      <tree_risk>112.</tree_risk>
      <tree_error>21.</tree_error>
      <splits>
        <_><var>3</var>
          <quality>4.9277224731445312e+02</quality>
          <le>6.8937003612518311e-02</le></_></splits></_>
    <_>
      <depth>5</depth>
      <sample_count>375</sample_count>
      <value>0.</value>
      <norm_class_idx>0</norm_class_idx>
      <Tn>20</Tn>
      <complexity>1</complexity>
      <alpha>7.</alpha>
      <node_risk>28.</node_risk>
      <tree_risk>23.</tree_risk>
      <tree_error>5.</tree_error></_>
    <_>
      <depth>5</depth>
      <sample_count>308</sample_count>
      <value>0.</value>
      <norm_class_idx>0</norm_class_idx>
      <Tn>2147483647</Tn>
      <complexity>3</complexity>
      <alpha>26.</alpha>
      <node_risk>105.</node_risk>
      <tree_risk>37.</tree_risk>
      <tree_error>7.</tree_error>
      <splits>
        <_><var>6</var>
          <quality>1.8273245239257812e+02</quality>
          <le>-2.1888092041015625e+01</le></_></splits></_>
    <_>
      <depth>6</depth>
      <sample_count>139</sample_count>
      <value>0.</value>
      <norm_class_idx>0</norm_class_idx>
      <Tn>18</Tn>
      <complexity>1</complexity>
      <alpha>7.</alpha>
      <node_risk>25.</node_risk>
      <tree_risk>19.</tree_risk>
      <tree_error>6.</tree_error></_>
    <_>
      <depth>6</depth>
      <sample_count>169</sample_count>
      <value>0.</value>
      <norm_class_idx>0</norm_class_idx>
      <Tn>2147483647</Tn>
      <complexity>2</complexity>
      <alpha>52.</alpha>
      <node_risk>80.</node_risk>
      <tree_risk>18.</tree_risk>
      <tree_error>1.</tree_error>
      <splits>
        <_><var>2</var>
          <quality>1.3714495849609375e+02</quality>
          <le>-3.5235100984573364e-01</le></_></splits></_>
    <_>
      <depth>7</depth>
      <sample_count>106</sample_count>
      <value>0.</value>
      <norm_class_idx>0</norm_class_idx>
      <Tn>20</Tn>
      <complexity>1</complexity>
      <alpha>9.</alpha>
      <node_risk>18.</node_risk>
      <tree_risk>17.</tree_risk>
      <tree_error>1.</tree_error></_>
    <_>
      <depth>7</depth>
      <sample_count>63</sample_count>
      <value>1.</value>
      <norm_class_idx>1</norm_class_idx>
      <Tn>0</Tn>
      <complexity>1</complexity>
      <alpha>0.</alpha>
      <node_risk>1.</node_risk>
      <tree_risk>1.</tree_risk>
      <tree_error>0.</tree_error></_>
    <_>
      <depth>4</depth>
      <sample_count>730</sample_count>
      <value>1.</value>
      <norm_class_idx>1</norm_class_idx>
      <Tn>28</Tn>
      <complexity>1</complexity>
      <alpha>2.0600000000000001e+01</alpha>
      <node_risk>253.</node_risk>
      <tree_risk>234.</tree_risk>
      <tree_error>19.</tree_error>
      <splits>
        <_><var>6</var>
          <quality>4.1753616333007812e+02</quality>
          <le>-2.5239091873168945e+01</le></_></splits></_>
    <_>
      <depth>5</depth>
      <sample_count>480</sample_count>
      <value>1.</value>
      <norm_class_idx>1</norm_class_idx>
      <Tn>2147483647</Tn>
      <complexity>5</complexity>
      <alpha>2.5750000000000000e+01</alpha>
      <node_risk>205.</node_risk>
      <tree_risk>85.</tree_risk>
      <tree_error>12.</tree_error>
      <splits>
        <_><var>5</var>
          <quality>2.7223684692382812e+02</quality>
          <le>5.1311470031738281e+01</le></_></splits></_>
    <_>
      <depth>6</depth>
      <sample_count>404</sample_count>
      <value>0.</value>
      <norm_class_idx>0</norm_class_idx>
      <Tn>2147483647</Tn>
      <complexity>4</complexity>
      <alpha>3.2333333333333336e+01</alpha>
      <node_risk>202.</node_risk>
      <tree_risk>83.</tree_risk>
      <tree_error>11.</tree_error>
      <splits>
        <_><var>7</var>
          <quality>2.2972052001953125e+02</quality>
          <le>1.4457788085937500e+02</le></_></splits></_>
    <_>
      <depth>7</depth>
      <sample_count>319</sample_count>
      <value>1.</value>
      <norm_class_idx>1</norm_class_idx>
      <Tn>2147483647</Tn>
      <complexity>3</complexity>
      <alpha>24.</alpha>
      <node_risk>129.</node_risk>
      <tree_risk>71.</tree_risk>
      <tree_error>11.</tree_error>
      <splits>
        <_><var>6</var>
          <quality>1.9574493408203125e+02</quality>
          <le>-4.0871231079101562e+01</le></_></splits></_>
    <_>
      <depth>8</depth>
      <sample_count>247</sample_count>
      <value>0.</value>
      <norm_class_idx>0</norm_class_idx>
      <Tn>2147483647</Tn>
      <complexity>2</complexity>
      <alpha>37.</alpha>
      <node_risk>118.</node_risk>
      <tree_risk>71.</tree_risk>
      <tree_error>11.</tree_error>
      <splits>
        <_><var>6</var>
          <quality>1.4235427856445312e+02</quality>
          <le>-4.7962539672851562e+01</le></_></splits></_>
    <_>
      <depth>9</depth>
      <sample_count>174</sample_count>
      <value>1.</value>
      <norm_class_idx>1</norm_class_idx>
      <Tn>2147483647</Tn>
      <complexity>1</complexity>
      <alpha>20.</alpha>
      <node_risk>69.</node_risk>
      <tree_risk>60.</tree_risk>
      <tree_error>9.</tree_error>
      <splits>
        <_><var>6</var>
          <quality>1.0705970001220703e+02</quality>
          <le>-5.1579795837402344e+01</le></_></splits></_>
    <_>
      <depth>10</depth>
      <sample_count>134</sample_count>
      <value>0.</value>
      <norm_class_idx>0</norm_class_idx>
      <Tn>2147483647</Tn>
      <complexity>2</complexity>
      <alpha>40.</alpha>
      <node_risk>65.</node_risk>
      <tree_risk>20.</tree_risk>
      <tree_error>4.</tree_error>
      <splits>
        <_><var>3</var>
          <quality>9.6064826965332031e+01</quality>
          <le>3.3443248271942139e-01</le></_></splits></_>
    <_>
      <depth>11</depth>
      <sample_count>85</sample_count>
      <value>0.</value>
      <norm_class_idx>0</norm_class_idx>
      <Tn>16</Tn>
      <complexity>1</complexity>
      <alpha>6.5000000000000000e+00</alpha>
      <node_risk>20.</node_risk>
      <tree_risk>17.</tree_risk>
      <tree_error>3.</tree_error></_>
    <_>
      <depth>11</depth>
      <sample_count>49</sample_count>
      <value>1.</value>
      <norm_class_idx>1</norm_class_idx>
      <Tn>6</Tn>
      <complexity>1</complexity>
      <alpha>1.5000000000000000e+00</alpha>
      <node_risk>4.</node_risk>
      <tree_risk>3.</tree_risk>
      <tree_error>1.</tree_error></_>
    <_>
      <depth>10</depth>
      <sample_count>40</sample_count>
      <value>1.</value>
      <norm_class_idx>1</norm_class_idx>
      <Tn>2147483647</Tn>
      <complexity>1</complexity>
      <alpha>0.</alpha>
      <node_risk>0.</node_risk>
      <tree_risk>0.</tree_risk>
      <tree_error>0.</tree_error></_>
    <_>
      <depth>9</depth>
      <sample_count>73</sample_count>
      <value>0.</value>
      <norm_class_idx>0</norm_class_idx>
      <Tn>12</Tn>
      <complexity>1</complexity>
      <alpha>5.</alpha>
      <node_risk>13.</node_risk>
      <tree_risk>11.</tree_risk>
      <tree_error>2.</tree_error></_>
    <_>
      <depth>8</depth>
      <sample_count>72</sample_count>
      <value>1.</value>
      <norm_class_idx>1</norm_class_idx>
      <Tn>2147483647</Tn>
      <complexity>1</complexity>
      <alpha>0.</alpha>
      <node_risk>0.</node_risk>
      <tree_risk>0.</tree_risk>
      <tree_error>0.</tree_error></_>
    <_>
      <depth>7</depth>
      <sample_count>85</sample_count>
      <value>0.</value>
      <norm_class_idx>0</norm_class_idx>
      <Tn>10</Tn>
      <complexity>1</complexity>
      <alpha>4.</alpha>
      <node_risk>12.</node_risk>
      <tree_risk>12.</tree_risk>
      <tree_error>0.</tree_error></_>
    <_>
      <depth>6</depth>
      <sample_count>76</sample_count>
      <value>1.</value>
      <norm_class_idx>1</norm_class_idx>
      <Tn>0</Tn>
      <complexity>1</complexity>
      <alpha>0.</alpha>
      <node_risk>3.</node_risk>
      <tree_risk>2.</tree_risk>
      <tree_error>1.</tree_error></_>
    <_>
      <depth>5</depth>
      <sample_count>250</sample_count>
      <value>1.</value>
      <norm_class_idx>1</norm_class_idx>
      <Tn>25</Tn>
      <complexity>1</complexity>
      <alpha>1.8500000000000000e+01</alpha>
      <node_risk>48.</node_risk>
      <tree_risk>46.</tree_risk>
      <tree_error>2.</tree_error></_>
    <_>
      <depth>3</depth>
      <sample_count>548</sample_count>
      <value>1.</value>
      <norm_class_idx>1</norm_class_idx>
      <Tn>33</Tn>
      <complexity>1</complexity>
      <alpha>32.</alpha>
      <node_risk>93.</node_risk>
      <tree_risk>87.</tree_risk>
      <tree_error>6.</tree_error>
      <splits>
        <_><var>7</var>
          <quality>4.2827584838867188e+02</quality>
          <le>1.7142782592773438e+02</le></_></splits></_>
    <_>
      <depth>4</depth>
      <sample_count>287</sample_count>
      <value>1.</value>
      <norm_class_idx>1</norm_class_idx>
      <Tn>2147483647</Tn>
      <complexity>1</complexity>
      <alpha>0.</alpha>
      <node_risk>0.</node_risk>
      <tree_risk>0.</tree_risk>
      <tree_error>0.</tree_error></_>
    <_>
      <depth>4</depth>
      <sample_count>261</sample_count>
      <value>1.</value>
      <norm_class_idx>1</norm_class_idx>
      <Tn>2147483647</Tn>
      <complexity>2</complexity>
      <alpha>64.</alpha>
      <node_risk>93.</node_risk>
      <tree_risk>23.</tree_risk>
      <tree_error>3.</tree_error>
      <splits>
        <_><var>6</var>
          <quality>2.1553939819335938e+02</quality>
          <le>-4.6260437965393066e+00</le></_></splits></_>
    <_>
      <depth>5</depth>
      <sample_count>69</sample_count>
      <value>0.</value>
      <norm_class_idx>0</norm_class_idx>
      <Tn>0</Tn>
      <complexity>1</complexity>
      <alpha>0.</alpha>
      <node_risk>1.</node_risk>
      <tree_risk>1.</tree_risk>
      <tree_error>0.</tree_error></_>
    <_>
      <depth>5</depth>
      <sample_count>192</sample_count>
      <value>1.</value>
      <norm_class_idx>1</norm_class_idx>
      <Tn>19</Tn>
      <complexity>1</complexity>
      <alpha>10.</alpha>
      <node_risk>25.</node_risk>
      <tree_risk>22.</tree_risk>
      <tree_error>3.</tree_error></_>
    <_>
      <depth>1</depth>
      <sample_count>1635</sample_count>
      <value>1.</value>
      <norm_class_idx>1</norm_class_idx>
      <Tn>34</Tn>
      <complexity>1</complexity>
      <alpha>33.</alpha>
      <node_risk>532.</node_risk>
      <tree_risk>479.</tree_risk>
      <tree_error>53.</tree_error>
      <splits>
        <_><var>3</var>
          <quality>1.0199624023437500e+03</quality>
          <le>-9.7842000424861908e-02</le></_></splits></_>
    <_>
      <depth>2</depth>
      <sample_count>1164</sample_count>
      <value>1.</value>
      <norm_class_idx>1</norm_class_idx>
      <Tn>2147483647</Tn>
      <complexity>3</complexity>
      <alpha>4.9500000000000000e+01</alpha>
      <node_risk>510.</node_risk>
      <tree_risk>360.</tree_risk>
      <tree_error>42.</tree_error>
      <splits>
        <_><var>6</var>
          <quality>6.4037402343750000e+02</quality>
          <le>6.2257080078125000e+01</le></_></splits></_>
    <_>
      <depth>3</depth>
      <sample_count>1048</sample_count>
      <value>1.</value>
      <norm_class_idx>1</norm_class_idx>
      <Tn>2147483647</Tn>
      <complexity>2</complexity>
      <alpha>99.</alpha>
      <node_risk>510.</node_risk>
      <tree_risk>360.</tree_risk>
      <tree_error>42.</tree_error>
      <splits>
        <_><var>7</var>
          <quality>5.5940411376953125e+02</quality>
          <le>-1.4024658203125000e+02</le></_></splits></_>
    <_>
      <depth>4</depth>
      <sample_count>804</sample_count>
      <value>1.</value>
      <norm_class_idx>1</norm_class_idx>
      <Tn>32</Tn>
      <complexity>1</complexity>
      <alpha>2.8500000000000000e+01</alpha>
      <node_risk>334.</node_risk>
      <tree_risk>300.</tree_risk>
      <tree_error>34.</tree_error>
      <splits>
        <_><var>6</var>
          <quality>4.4503225708007812e+02</quality>
          <le>3.7580326080322266e+01</le></_></splits></_>
    <_>
      <depth>5</depth>
      <sample_count>669</sample_count>
      <value>1.</value>
      <norm_class_idx>1</norm_class_idx>
      <Tn>2147483647</Tn>
      <complexity>4</complexity>
      <alpha>38.</alpha>
      <node_risk>320.</node_risk>
      <tree_risk>173.</tree_risk>
      <tree_error>16.</tree_error>
      <splits>
        <_><var>7</var>
          <quality>3.6774594116210938e+02</quality>
          <le>-1.4642590332031250e+02</le></_></splits></_>
    <_>
      <depth>6</depth>
      <sample_count>614</sample_count>
      <value>1.</value>
      <norm_class_idx>1</norm_class_idx>
      <Tn>2147483647</Tn>
      <complexity>3</complexity>
      <alpha>34.</alpha>
      <node_risk>265.</node_risk>
      <tree_risk>173.</tree_risk>
      <tree_error>16.</tree_error>
      <splits>
        <_><var>7</var>
          <quality>3.2876947021484375e+02</quality>
          <le>-1.5541870117187500e+02</le></_></splits></_>
    <_>
      <depth>7</depth>
      <sample_count>306</sample_count>
      <value>1.</value>
      <norm_class_idx>1</norm_class_idx>
      <Tn>26</Tn>
      <complexity>1</complexity>
      <alpha>23.</alpha>
      <node_risk>97.</node_risk>
      <tree_risk>90.</tree_risk>
      <tree_error>7.</tree_error>
      <splits>
        <_><var>6</var>
          <quality>1.9157730102539062e+02</quality>
          <le>1.4653132438659668e+01</le></_></splits></_>
    <_>
      <depth>8</depth>
      <sample_count>58</sample_count>
      <value>0.</value>
      <norm_class_idx>0</norm_class_idx>
      <Tn>25</Tn>
      <complexity>1</complexity>
      <alpha>15.</alpha>
      <node_risk>19.</node_risk>
      <tree_risk>15.</tree_risk>
      <tree_error>4.</tree_error></_>
    <_>
      <depth>8</depth>
      <sample_count>248</sample_count>
      <value>1.</value>
      <norm_class_idx>1</norm_class_idx>
      <Tn>23</Tn>
      <complexity>1</complexity>
      <alpha>15.</alpha>
      <node_risk>58.</node_risk>
      <tree_risk>52.</tree_risk>
      <tree_error>6.</tree_error></_>
    <_>
      <depth>7</depth>
      <sample_count>308</sample_count>
      <value>0.</value>
      <norm_class_idx>0</norm_class_idx>
      <Tn>2147483647</Tn>
      <complexity>2</complexity>
      <alpha>42.</alpha>
      <node_risk>140.</node_risk>
      <tree_risk>83.</tree_risk>
      <tree_error>9.</tree_error>
      <splits>
        <_><var>6</var>
          <quality>1.9696551513671875e+02</quality>
          <le>2.5887840270996094e+01</le></_></splits></_>
    <_>
      <depth>8</depth>
      <sample_count>76</sample_count>
      <value>0.</value>
      <norm_class_idx>0</norm_class_idx>
      <Tn>2147483647</Tn>
      <complexity>1</complexity>
      <alpha>0.</alpha>
      <node_risk>0.</node_risk>
      <tree_risk>0.</tree_risk>
      <tree_error>0.</tree_error></_>
    <_>
      <depth>8</depth>
      <sample_count>232</sample_count>
      <value>1.</value>
      <norm_class_idx>1</norm_class_idx>
      <Tn>30</Tn>
      <complexity>1</complexity>
      <alpha>23.</alpha>
      <node_risk>92.</node_risk>
      <tree_risk>83.</tree_risk>
      <tree_error>9.</tree_error>
      <splits>
        <_><var>7</var>
          <quality>1.3943344116210938e+02</quality>
          <le>-1.5220262145996094e+02</le></_></splits></_>
    <_>
      <depth>9</depth>
      <sample_count>98</sample_count>
      <value>1.</value>
      <norm_class_idx>1</norm_class_idx>
      <Tn>15</Tn>
      <complexity>1</complexity>
      <alpha>6.</alpha>
      <node_risk>16.</node_risk>
      <tree_risk>15.</tree_risk>
      <tree_error>1.</tree_error></_>
    <_>
      <depth>9</depth>
      <sample_count>134</sample_count>
      <value>0.</value>
      <norm_class_idx>0</norm_class_idx>
      <Tn>2147483647</Tn>
      <complexity>2</complexity>
      <alpha>31.</alpha>
      <node_risk>58.</node_risk>
      <tree_risk>22.</tree_risk>
      <tree_error>1.</tree_error>
      <splits>
        <_><var>6</var>
          <quality>9.6108024597167969e+01</quality>
          <le>3.2463951110839844e+01</le></_></splits></_>
    <_>
      <depth>10</depth>
      <sample_count>75</sample_count>
      <value>0.</value>
      <norm_class_idx>0</norm_class_idx>
      <Tn>13</Tn>
      <complexity>1</complexity>
      <alpha>5.5000000000000000e+00</alpha>
      <node_risk>11.</node_risk>
      <tree_risk>11.</tree_risk>
      <tree_error>0.</tree_error></_>
    <_>
      <depth>10</depth>
      <sample_count>59</sample_count>
      <value>1.</value>
      <norm_class_idx>1</norm_class_idx>
      <Tn>14</Tn>
      <complexity>1</complexity>
      <alpha>5.</alpha>
      <node_risk>12.</node_risk>
      <tree_risk>11.</tree_risk>
      <tree_error>1.</tree_error></_>
    <_>
      <depth>6</depth>
      <sample_count>55</sample_count>
      <value>0.</value>
      <norm_class_idx>0</norm_class_idx>
      <Tn>2147483647</Tn>
      <complexity>1</complexity>
      <alpha>0.</alpha>
      <node_risk>0.</node_risk>
      <tree_risk>0.</tree_risk>
      <tree_error>0.</tree_error></_>
    <_>
      <depth>5</depth>
      <sample_count>135</sample_count>
      <value>1.</value>
      <norm_class_idx>1</norm_class_idx>
      <Tn>6</Tn>
      <complexity>1</complexity>
      <alpha>2.</alpha>
      <node_risk>14.</node_risk>
      <tree_risk>13.</tree_risk>
      <tree_error>1.</tree_error></_>
    <_>
      <depth>4</depth>
      <sample_count>244</sample_count>
      <value>0.</value>
      <norm_class_idx>0</norm_class_idx>
      <Tn>29</Tn>
      <complexity>1</complexity>
      <alpha>21.</alpha>
      <node_risk>68.</node_risk>
      <tree_risk>60.</tree_risk>
      <tree_error>8.</tree_error>
      <splits>
        <_><var>6</var>
          <quality>1.7678128051757812e+02</quality>
          <le>5.3496170043945312e+01</le></_></splits></_>
    <_>
      <depth>5</depth>
      <sample_count>182</sample_count>
      <value>0.</value>
      <norm_class_idx>0</norm_class_idx>
      <Tn>21</Tn>
      <complexity>1</complexity>
      <alpha>11.</alpha>
      <node_risk>24.</node_risk>
      <tree_risk>22.</tree_risk>
      <tree_error>2.</tree_error></_>
    <_>
      <depth>5</depth>
      <sample_count>62</sample_count>
      <value>1.</value>
      <norm_class_idx>1</norm_class_idx>
      <Tn>24</Tn>
      <complexity>1</complexity>
      <alpha>17.</alpha>
      <node_risk>18.</node_risk>
      <tree_risk>17.</tree_risk>
      <tree_error>1.</tree_error></_>
    <_>
      <depth>3</depth>
      <sample_count>116</sample_count>
      <value>1.</value>
      <norm_class_idx>1</norm_class_idx>
      <Tn>2147483647</Tn>
      <complexity>1</complexity>
      <alpha>0.</alpha>
      <node_risk>0.</node_risk>
      <tree_risk>0.</tree_risk>
      <tree_error>0.</tree_error></_>
    <_>
      <depth>2</depth>
      <sample_count>471</sample_count>
      <value>1.</value>
      <norm_class_idx>1</norm_class_idx>
      <Tn>18</Tn>
      <complexity>1</complexity>
      <alpha>7.</alpha>
      <node_risk>22.</node_risk>
      <tree_risk>20.</tree_risk>
      <tree_error>2.</tree_error></_></nodes></my_tree>
</opencv_storage>
